编号,用户名,密码,头像,是否管理员,是否有效,是否可登录
E00001,admin,51a70a1e25f9e6a8954f54d6df935b0d,https://z3.ax1x.com/2021/05/26/2SOHRU.jpg,1,1,1
E00002,E00002E00002,1231456,https://z3.ax1x.com/2021/05/26/3SOHRU.jpg,1,1,0
E00003,E00003E00003,1231456,https://z3.ax1x.com/2021/05/26/4SOHRU.jpg,0,1,0
E00004,E00004E00004,1231456,https://z3.ax1x.com/2021/05/26/5SOHRU.jpg,0,1,0
E00005,E00005E00005,1231456,https://z3.ax1x.com/2021/05/26/6SOHRU.jpg,0,1,0
E00006,E00006E00006,1231456,https://z3.ax1x.com/2021/05/26/7SOHRU.jpg,0,1,0
E00007,E00007E00007,1231456,https://z3.ax1x.com/2021/05/26/8SOHRU.jpg,0,1,0
E00008,E00008E00008,1231456,https://z3.ax1x.com/2021/05/26/9SOHRU.jpg,0,1,0
E00009,E00009E00009,1231456,https://z3.ax1x.com/2021/05/26/10SOHRU.jpg,0,1,0
E00010,E00010E00010,1231456,https://z3.ax1x.com/2021/05/26/11SOHRU.jpg,0,1,0
E00011,E00011E00011,1231456,https://z3.ax1x.com/2021/05/26/12SOHRU.jpg,0,1,0
